month,passenger,val1,val2
2016-01,1,0.993434,0.923232
2016-02,2,0.987655,0.334343
2016-03,3,0.983712,0.898734
